Artist,Artist_id,Song,Song_id,Lyrics
Tyler Farr,3vHV92ecrylnUHDM4d2MtC,Redneck Crazy,4lcXNTm9JrQpJYXqsENmFI, Gon na drive like hell through your neighbourhood Park this Silverado on your front lawn Crank up a little Hank sit on the hood and drink I m about to get my pissedoff on I m gon na aim my headlights into your bedroom windows Throw empty beer cans at both of your shadows I did nt come here to start a fight But I m up for anything tonight You know you broke the wrong heart baby And drove me redneck crazy Wish I knew how long it s been going on How long you ve been gettin some on the side Nah he ca nt amount to much By the look of that little truck Well he wo nt be getting any sleep tonight I m gon na aim my headlights into your bedroom windows Throw empty beer cans at both of your shadows I did nt come here to start a fight but I m up for anything tonight You know you broke the wrong heart baby And drove me redneck crazy Redneck crazy Did you think I d wish you both the best Endless love and happiness You know that s just not the kind of man I am Yeah I m the kind that shows up at your house at three am I m gon na aim my headlights into your bedroom windows Throw empty beer cans at both of your shadows I did nt come here to start a fight But I m up for anything tonight You gone and broke the wrong heart baby And drove me redneck crazy yeah You drove me redneck crazy oh yeah
Tyler Farr,3vHV92ecrylnUHDM4d2MtC,A Guy Walks Into a Bar,16PNN9wK1LbedzcTp7y8y0, The joke s on me and it ai nt funny Everybody but me could see the punch line coming a mile away I ve heard it so many times I can tell it to the T Believe me I could sell it all day It goes A guy walks into a bar orders a drink Sees a girl that catches his eye Asks her if she wants another They fall for each other and end up lovers They laugh cry hold on tight make it work for a little while Then one night her taillights fade out into the dark And a guy walks into a bar I d laugh too if my heart would let me Keeping it light will probably help to get me over you I m walking talking drinking proof A clich in a corner booth Ai nt nothing new A guy walks into a bar orders a drink Sees a girl that catches his eye Asks her if she wants another They fall for each other and end up lovers They laugh cry hold on tight make it work for a little while Then one night her taillights fade out into the dark And a guy walks into a bar A guy walks into a bar orders a drink Sees a girl that catches his eye Asks her if she wants another They fall for each other and end up lovers They laugh cry hold on tight make it work for a little while Then one night her taillights fade out into the dark And a guy walks into a bar A guy walks into a bar A guy walks into a bar
Tyler Farr,3vHV92ecrylnUHDM4d2MtC,Better in Boots,1RLT391KHFFJwbDb7y3eyd, Yeah you know I love you in a tight dress But you re oh my God slippin out of it You turn me on girl you know you do But you tear me up even better in boots We ai nt got ta worry bout gettin dirty We can do whatever we want Baby put your Luccheses on You know you want to Cause we got a full moon And it s Friday night Girl you got me so hooked Ai nt nothin ever looked better in boots Fair girl it ai nt even fair When all it takes is you lettin down your hair To drive me wild like you know you do It works every time but even better in boots We ai nt got ta worry bout gettin dirty We can do whatever we want Baby put your Luccheses on You know you want to Cause we got a full moon And it s Friday night Girl you got me so hooked Ai nt nothin ever looked better in boots We ai nt got ta worry bout gettin dirty We can do whatever we want Baby put them Luccheses on You know you want to Cause we got a full moon And it s Friday night Girl you got me so hooked Ai nt nothin ever looked better in boots Girl you got me so hooked Ai nt nothin ever looked better in them boots
Tyler Farr,3vHV92ecrylnUHDM4d2MtC,I Don't Even Want This Beer,1gOUrZvOlDygUqHNgxwha9, Been on this binge for way too long Ai nt been sober since you ve been gone They say this time I m in too deep There s a man in the mirror but it ai nt me Here I am getting tore up on a Tuesday Sittin here lettin her get to me Tryin to make the pain and another one disappear I oughta be dialin up her number Sayin I m sorry can I come over Makes me wonder what the hell I m doin here I do nt even want this beer I wonder if she s alone tonight Thinkin bout all I did nt do right Or is she out on the town in my favorite dress With some ole boy tryin his best To get her buzzin just enough that she might say yes And here I am getting tore up on a Tuesday Sittin here lettin her get to me Tryin to make the pain and another one disappear I oughta be dialin up her number Sayin I m sorry can I come over Makes me wonder what the hell I m doin here I do nt even want this beer Do nt want this high All I want is you tonight Here I am getting tore up on a Tuesday Sittin here lettin her get to me Tryin to make the pain and another one disappear I oughta be dialin up her number Sayin I m sorry can I come over Makes me wonder what the hell I m doin here I do nt even want this beer I do nt even want this beer
Tyler Farr,3vHV92ecrylnUHDM4d2MtC,Whiskey in My Water,5E4CJfa6yZNGSKVFSUgaBt, In my truck flying down a dirt road Pickin you up feelin kinda crazy I think I m in luck cause I know my baby She slaps my knee says boy why you smiling Doing my best so hard to hide it I know what s up so I just shoot her a wink Cause when the sun goes down it ll get a little hotter Make an old boy s heart beat a little harder I know I ca nt lose cause it s going down smooth tonight baby One ai nt enough man may I have another Sitting round the fire gettin drunk on each other Every day I pray I thank God I got her She s the moon in my shine the whiskey in my water When we re past Flint Bridge we ll break out the bottle Drop it down low crank up the throttle I m good to go cause I ve got you tonight baby Cause when the sun goes down it ll get a little hotter Make an old boy s heart beat a little harder I know I ca nt lose cause it s going down smooth tonight baby One ai nt enough man may I have another Sitting round the fire gettin drunk on each other Every day I pray I thank God I got her She s the moon in my shine the whiskey in my water Sitting on this hill with her Looking in them baby blues Wishing that the sky would change I ve been thinking about it all damn day I can hardly wait Cause when the sun goes down it ll get a little hotter Make an old boy s heart beat a little harder I know I ca nt lose cause it s going down smooth tonight baby One ai nt enough man may I have another Sitting round the fire gettin drunk on each other Every day I pray I thank God I got her She s the moon in my shine the whiskey in my water Whiskey in my water Whiskey in my water yeah yeah yeah
Tyler Farr,3vHV92ecrylnUHDM4d2MtC,Withdrawals,1gRh1UnU44zyiOvZgMD4qR, You were that whiskey running through my veins You were that first sweet taste of Mary Jane All alone in the darkness watching my hands shake But they do nt have a rehab for heartbreak It s your blue sundress with the strap falling off of your shoulder It s that all night moonlight drive you saying baby pull over pull over It s that long kiss barely coming up for air Had to have you anytime and everywhere So hooked on you probably never get clean and sober Whoa I bang my head against the moon I bang my fist against the wall You always used to get me high Now all I do is crash and fall I m going through withdrawals I m going through withdrawals I m going through withdrawals Yeah you got me going through em It s the rain on the window with your body wrapped tight around me It s that lightning flash in your eyes make me want you so badly madly You re the ghost that s still sleeping in my bed A song I ca nt turn off in my head You re the perfect storm yeah baby and I m still drowning Whoa I bang my head against the moon I bang my fist against the wall You always used to get me high Now all I do is crash and fall I m going through withdrawals I m going through withdrawals I m going through withdrawals Yeah you got me going through em I m going through withdrawals I m going through withdrawals yeah I bang my head against the moon I bang my fist against the wall You always used to get me high Now all I do is crash and fall I m going through withdrawals I m going through withdrawals I m going through withdrawals I m going through withdrawals I m going through withdrawals I m going through withdrawals Yeah you got me going through em
Tyler Farr,3vHV92ecrylnUHDM4d2MtC,C.O.U.N.T.R.Y.,7yBcGJFP5bAMpAfToEm0dm, We come from Eastabuchie Booger Hooker Possum Knuckle Bug and Grinder s Switch We hoop and holler when old Charlie Daniels calls that devil son of a bitch Yeah we plow it nail it bail it then hightail it to town We spend our payday on them ladies and them long necked rounds We gon na live out past the limits til the day that we die We re from the banjo chicken pluckin double clutchin COUNTRY COUNTRY We like them shiny silver buckle straight tequila Wrangler knuckle Barbie dolls We got them bait and tackle barbecutie booty tannin one stop shoppin malls We like our BeechNut long cut Truck Nutz hangin off of the hitch We whiskey shoot it scoot it Fridays when we re hillbilly rich Charlotte s brother s on the sofa eatin chocolate pie Out in the deer and dirt road ruttin corn row cuttin COUNTRY Can I get an Amen Come on Amen We love our guns our God our Jesus pledge allegiance too We bleed in John Deere green red and white and blue Screw politically correct we gon na let it fly Out in the get it good and stuck and mother truckin COUNTRY COUNTRY COUNTRY
