Artist,Artist_id,Song,Song_id,Lyrics
Clay Walker,4MPkNgar5uTd8Sqvrr7par,Fore She Was Mama,3AfCiIJ6blcN5oyMnu3Tvi, Bout ten years old hide and seek I found me in the closet Ready or not I stumbled on And opened up that box of Yearbooks letters black and whites A hundred maybe more Next thing I know my brothers and me Got em scattered on the floor Yeah There was one of her flippin the bird Sittin on a Harley And a few with some hairy hippie dude Turns out his name was Charlie Her hair her clothes her drinkin smokin Had us boys confused I ll never forget the day us nosey kids got introduced To Mama fore she was Mama In a string bikini in Tijuana Wo nt admit she smoked marijuana But I saw Mama fore she was Mama We put that box right where it was And never said a word But growin up got hard just tryin Not to picture her In anything but aprons dresses Minivans and church Oh and Daddy would have whooped our butts For diggin up that dirt On Mama fore she was Mama In a string bikini in Tijuana She wo nt admit she smoked marijuana But I saw Mama fore she was Mama We laugh and hang it over her head Right above her halo Her face turns red when we bring up That tiedyed Winnebago She runs and hides and still denies That hip high rose tattoo She burned that box of forgetmenots When she found out we knew About Mama fore she was Mama In a string bikini in Tijuana Wo nt admit she smoked marijuana But that was Mama fore she was Mama And there s that one down in the Bahamas But that was Mama fore she was Mama
Clay Walker,4MPkNgar5uTd8Sqvrr7par,Fall,5Hd0J6dWz0jqgRDJoRpOdc, Oh look there you go again Puttin on that smile again Even though I know you ve had a bad day Doin this doin that Always puttin yourself last A whole lotta give and not enough take But you can only be strong so long before you break So Fall Go on and fall apart Fall into these arms of mine I ll catch you every time you Fall Go on and lose it all Every doubt every fear Every worry every tear I m right here Baby fall Forget about the world tonight All that s wrong and all that s right Lay your head on my shoulder let it fade away And if you wan na let go it s okay Fall Go on and fall apart Fall into these arms of mine I ll catch you every time you Fall Go on and lose it all Every doubt every fear Every worry every tear I m right here Baby fall Hold on Hold on Hold on To me Fall Go on and fall apart Fall into these arms of mine I ll catch you every time you Fall Go on and lose it all Every doubt every fear Every worry every tear I m right here Baby fall
Clay Walker,4MPkNgar5uTd8Sqvrr7par,She Won't Be Lonely Long,0158TMiGmHyibaDeaUKayX, Something about the way she s wearing Her dress a little tighter Something about the way she s staring She s looking to start a fire Something about the way she s dancing And drinking chilled Patron If she s lonely now she wo nt be lonely long Heaven help the fool who did her wrong It s too late too bad she s too far gone He should have thought of that before he left her all alone If she s lonely now she wo nt be lonely long Something about the way she s blushing You can tell she is nt sure Let you know she s up to something She s never done before Tonight she wants to hold a stranger But not the one at home If she s lonely now she wo nt be lonely long Heaven help the fool who did her wrong It s too late too bad she s too far gone He should have thought of that before he left her all alone If she s lonely now she wo nt be lonely long If I had a woman like that man I d let her know I d hold her tight I d hold her close Do anything do everything to let her know She d never ever be alone Heaven help the fool who did her wrong It s too late too bad she s too far gone He should have thought of that before he left her all alone If she s lonely now Lord if she s lonely now If she s lonely now she wo nt be lonely long
Clay Walker,4MPkNgar5uTd8Sqvrr7par,Live Until I Die,39B9IpMNTUDOzW0JuVHlq4, Skippin rocks skippin rope Laughin at all my best friends jokes Things I love when I was a kid Muddy roads muddy feet I did nt live on no black top street Things have changed a lot but I never did I do nt wan na think about tomorrow I do nt need anything money can buy I do nt have to beg steal or borrow I just wan na live until I die Livin right livin in This little old town I grew up in But I still held on to my dreams Standin proud standin tall Standin smack dab in the middle of it all I do nt worry about things that I ca nt change And I do nt wan na think about tomorrow I do nt need anything money can buy I do nt have to beg steal or borrow I just wan na live until I die And everything around me Are things I dearly love And every night I get on my knees And thank the Lord above That I do nt hafta think about tomorrow I do nt need anything money can buy I do nt have to beg steal or borrow I just wan na live until I die I do nt have to beg steal or borrow I just wan na live until I die
Clay Walker,4MPkNgar5uTd8Sqvrr7par,Hypnotize The Moon,4mKXEnhK8jHB8QntCT1LC1, She knew she caught my eye and that was all it took Ai nt it strange how forever changed with just one look The magic filled the night she touched my soul like no one else Yes the way that woman made me feel left me talkin to myself Oh you better run for cover you better hide your heart Cause once you start to love her you know you ll never stop She shines like a diamond when she walks into a room She could charm the stars hypnotize the moon Once I held her close I knew just where I stood No you never get a second chance to ever feel so good Then and there I knew these words are etched in stone If you ca nt feel the power of the greatest love you ve known Oh you better run for cover you better hide your heart Cause once you start to love her you know you ll never stop She shines like a diamond when she walks into a room She could charm the stars hypnotize the moon You better run for cover you better hide your heart Cause once you start to love her you know you ll never stop She shines like a diamond when she walks into a room She could charm the stars She could charm the stars hypnotize the moon
Clay Walker,4MPkNgar5uTd8Sqvrr7par,If I Could Make A Living,7njoWVpJbAiTkyT6rKwbze, If I could make a livin out of lovin you I d be a millionaire in a week or two I d be doin what I love And lovin what I do If I could make a livin out of lovin you Early in the morning when the sun comes up I m punchin that clock on the wall Breakin my back just to make you bucks Wishin I was in your arms If I could make a livin out of lovin you I d be a millionaire in a week or two I d be doin what I love And lovin what I do If I could make a livin out of lovin you I could work all day and feel right at home Lovin that 8 to 5 Never have to leave you here alone When I m workin that overtime If I could make a livin out of lovin you I d be a millionaire in a week or two I d be doin what I love And lovin what I do If I could make a livin out of lovin you If I could make a livin out of lovin you I d be a millionaire in a week or two I d be doin what I love And lovin what I do If I could make a livin out of lovin you If I could make a livin out of lovin you I d be a millionaire in a week or two I d be doin what I love And lovin what I do If I could make a livin out of lovin you
Clay Walker,4MPkNgar5uTd8Sqvrr7par,This Woman And This Man,5sp0v1NDTtfzcPMtFotz80, Been trying so hard just to talk to you Have nt heard half of what you want me to I hurt so bad over where we ve been Do nt know how not to go back there again I know what I want to say Can I get it through to you now In some other way Like there was this woman and there was this man There was this moment they had a chance To hold on to what they had How could they be so in love and still never see Now nothing could be sadder than this woman This woman and this man A strangers eyes in a lovers face See no signs of a better time and place Have we lost the key to an open door I feel the need to reach out to you even more It s a circle we re going round If we do nt get us out from under it s going to take us down Like there was this woman and there was this man There was this moment they had a chance To hold on to what they had How could they be so in love and still never see Now nothing could be sadder than this woman This woman and this man For all we ve got to lose so much to gain If we come this far and leave it behind There s only you and me to blame There was this woman and there was this man There was this moment they had a chance to hold on to what they had How can they be so in love and still never see How they can get it back again This woman and this man
Clay Walker,4MPkNgar5uTd8Sqvrr7par,What's It To You,346GCw2msr77HA5I5NFsKS, What s that I hear angels singin Telling me to make my move Listen to it Their voices ringin baby If you feel it get in the groove Love is the rhythm of two hearts beating Poundin out a message steady and true Talk to me baby tell me what you re feeling I know what love is What s it to you Time s up Train s a leavin baby Are you ready to take that ride Get on board Do nt keep my waiting baby Say you re willin to cross that line Love is the rhythm of two hearts beating Poundin out a message steady and true Talk to me baby tell me what you re feeling I know what love is What s it to you I m sure your heart is telling you true I got ta know what love is to you Cause to me it s the rhythm of two hearts beating Poundin out a message steady and true Talk to me baby tell me what your feeling I know what love is What s it to you Love is the rhythm of two hearts beating Poundin out a message steady and true Talk to me baby tell me what you re feeling I know what love is What s it to you I know what love is what s it to you
