Artist,Artist_id,Song,Song_id,Lyrics
Breaking Benjamin,5BtHciL0e0zOP7prIHn3pP,I Will Not Bow,2yXyz4NLTZx9CLdXfLTp5E, Fall Now the dark begins to rise Save your breath it s far from over Leave the lost and dead behind Now s your chance to run for cover I do nt wan na change the world I just wan na leave it colder Light the fuse and burn it up Take the path that leads to nowhere All is lost again But I m not giving in I will not bow I will not break I will shut the world away I will not fall I will not fade I will take your breath away Fall Watch the end through dying eyes Now the dark is taking over Show me where forever dies Take the fall and run to Heaven All is lost again But I m not giving in I will not bow I will not break I will shut the world away I will not fall I will not fade I will take your breath away And I ll survive Paranoid I have lost the will to change And I am not proud Coldblooded fake I will shut the world away Open your eyes I will not bow I will not break I will shut the world away I will not fall I will not fade I will take your breath away And I ll survive Paranoid I have lost the will to change And I am not proud Coldblooded fake I will shut the world away Fall
Breaking Benjamin,5BtHciL0e0zOP7prIHn3pP,Blood,7gQ7DfSSc3b8e4cHtFnDxu, Every endless word I have nothing here Sick of all that was tired of all that is Every hated love I have broken in Sick of fucking up tired of falling in And all that I regret I have before I will again It s over now Are you running away I come apart As I lay in your way It s in my blood Let the sky fall down I wo nt let go My oblivion Counting every breath I am my own fear Nothing ever was nothing ever is Every halo lost I am worn within Nothing left to harm nothing left to live And all that I regret I have before I will again It s over now Are you running away I come apart As I lay in your way It s in my blood Let the sky fall down I wo nt let go My oblivion Face the monster I ve become I m falling down hate wo nt let me go In the ground we rise to burn I m caving in life wo nt let me live Forgive my heart It s over now I come apart It s in my blood Let the sky fall down I wo nt let go My oblivion
Breaking Benjamin,5BtHciL0e0zOP7prIHn3pP,Angels Fall,2D9BrlpeyjXF0vli2dYQ5V, I try to face the fight within but it s over I m ready for the riot to begin and surrender I walk the path that led me to the end remember I m caught beneath there s nothing left to give forever When angels fall with broken wings I ca nt give up I ca nt give in When all is lost and daylight ends I ll carry you and we will live forever forever Grey skies that chase the light away no longer I fought the fight now only dark remains forever Divided I will stand and I will let this end When angels fall with broken wings I ca nt give up I ca nt give in When all is lost and daylight ends I ll carry you and we will live forever forever The sun begins to rise and wash away the sky The turning of the tide do nt leave it all behind And I will never say goodbye When angels fall with broken wings I ca nt give up I ca nt give in When all is lost and daylight ends I ll carry you and we will live forever forever Forever forever
Breaking Benjamin,5BtHciL0e0zOP7prIHn3pP,Red Cold River,6ZfPmIbwzz6fopTNwAJTPs, Days reborn Fight with folded hands Pain left below The lifeless live again Run run run Red cold river Run run run Red cold river I ca nt feel anything at all This life has left me cold and damned I ca nt feel anything at all This love has led me to the end Stay reformed Erase this perfect world Hate left below The dark stray dog of war Run run run Red cold river I ca nt feel anything at all This life has left me cold and damned I ca nt feel anything at all This love has led me to the end Try to find a reason to live Try to find a reason to live Try to find a reason to live Try to find a reason to live I ca nt feel anything at all This life has left me cold and damned Try to find a reason to live I ca nt feel anything at all This love has let me to the end Run run run Red cold river
Breaking Benjamin,5BtHciL0e0zOP7prIHn3pP,Ashes of Eden,7HjNOz8Y7H7uSySXuHNg1Y, Will the faithful be rewarded when we come to the end Will I miss the final warning from the lie that I have lived Is there anybody calling I can see the soul within And I am not worthy I am not worthy of this Are you with me after all Why ca nt I hear you Are you with me through it all Then why ca nt I feel you Stay with me do nt let me go Because there s nothing left at all Stay with me do nt let me go Until the ashes of Eden fall Will the darkness fall upon me when the air is growing thin Will the light begin to pull me to its everlasting will I can hear the voices haunting there is nothing left to fear And I am still calling I am still calling to you Are you with me after all Why ca nt I hear you Are you with me through it all Then why ca nt I feel you Stay with me do nt let me go Because there s nothing left at all Stay with me do nt let me go Until the ashes of Eden fall Do nt let go do nt let go do nt let go Do nt let go do nt let go do nt let go Why ca nt I hear you Stay with me do nt let me go Do nt let go do nt let go Because there s nothing left at all Stay with me do nt let me go Do nt let go do nt let go Until the ashes of Eden fall Heaven above me take my hand Stay with me do nt let go Shine until there s nothing left but you Heaven above me take my hand Stay with me do nt let go Shine until there s nothing left but you
Breaking Benjamin,5BtHciL0e0zOP7prIHn3pP,Torn in Two,3IiMnjK7S2PlsPVMuAH7rU, Is this the way it s got ta be Ignite the fire inside of me Embrace the life of tragedy A tide of war and broken dreams I am torn in two Hold on hold on we re buried alive I am faded through Hold on hold on the fallen arise I will fight this war for you And let the dawn of love survive Broken I crawl back to life Is this the fate we fall between Deface the life inside of me Drain the heart with atrophy And take away the remedy I am torn in two Hold on hold on we re buried alive I am faded through Hold on hold on the fallen arise I will fight this war for you And let the dawn of love survive Broken I crawl back to life I am torn in two please hold on Hold on hold on we re buried alive I am faded through please hold on Hold on hold on the fallen arise I will fight this war for you please hold on And let the dawn of love survive Broken I crawl back to life Hold on rise Hold on rise Hold on rise Hold on
Breaking Benjamin,5BtHciL0e0zOP7prIHn3pP,Feed the Wolf,7rOv6HovIJvYHXCg0cVfTk, I can feel the animal within I chain the beast crawling inside myself I hear the call of violence I sleep no more and I ca nt I ve lost it all Carry me through this world alive I feel no more this suffering Bury me in this cold light I feed the wolf and shed my skin I can see the devil closing in I choke the breath that dies to cry for help I feel the pull of gravity I bleed no more and rise again I ve lost it all Carry me through this world alive I feel no more this suffering Bury me in this cold light I feed the wolf and shed my skin It s no longer a human it s a beast Unmerciful ferocious fearless You re a madman tampering with nature Every man s ambitions Carry me through this world alive I feel no more this suffering Bury me in this cold light I feed the wolf and shed my skin Fight the animal fight the animal Carry me through this world alive Fight the animal fight the animal I feel no more this suffering Fight the animal fight the animal Bury me in this cold light Fight the animal fight the animal I feed the wolf and shed my skin
Breaking Benjamin,5BtHciL0e0zOP7prIHn3pP,Failure,4wh0E9OwMCxcaIKTg0Mts9, Life will come our way It has only just begun The world will die alone The frail will fall below Time will take our place We return it back to one The calm before the cold The long and lonely road Look for the light that leads me home Tired of feeling lost Tired of letting go Tear the whole world down Tear the whole world down Failure Drive the cloud away We will fall from last to none The dark before the dawn The war will carry on Look for the light that leads me home Tired of feeling lost Tired of letting go Tear the whole world down Tear the whole world down Tired of wasting breath Tired of nothing left Tear the whole world down Tear the whole world down Failure Tired of feeling lost Tired of letting go Tear the whole world down Tear the whole world down Tired of wasting breath Tired of nothing left Tear the whole world down Tear the whole world down We bury the sunlight Failure We bury the sunlight Failure Failure failure We bury the sunlight Failure We bury the sunlight Failure Failure failure Failure
Breaking Benjamin,5BtHciL0e0zOP7prIHn3pP,The Dark of You,7egnrHJAANlNymbrmQNKcG, It must have been inside my head I lost the hope that I have left And now at last it comes to pass We sleep we dream we have no less Along the path we lost our way It s all a game that I must play And now the weak that fall Return to ash defeated after all Fade away to the wicked world we left And I become the dark of you Say a prayer for the wounded heart within As I become the dark of you Let go when all has come to life We live we breathe we die They call me to the light Forever lost inside With every dream we find We feed we burn we lie The fall of humankind The everlasting light Fade away to the wicked world we left And I become the dark of you Say a prayer for the wounded heart within As I become the dark of you Let go when all has come to life We live we breathe we die They call me to the light Forever lost inside With every dream we find We feed we burn we lie The fall of humankind The everlasting light Fade away to the wicked world we left And I become the dark of you Say a prayer for the wounded heart within As I become the dark of you Let go Save this selfish world Let go Save this selfish world Let go Save this selfish world Let go Save this selfish world
