Artist,Artist_id,Song,Song_id,Lyrics
Toto,0PFtn5NtBbbUNbU9EAmIWF,Africa,2374M0fQpWi3dLnB54qaLX, I hear the drums echoing tonight But she hears only whispers of some quiet conversation She s coming in 1230 flight The moonlit wings reflect the stars that guide me towards salvation I stopped an old man along the way Hoping to find some old forgotten words or ancient melodies He turned to me as if to say Hurry boy it s waiting there for you It s gon na take a lot to drag me away from you There s nothing that a hundred men or more could ever do I bless the rains down in Africa We re gon na take some time to do the things we never have Ooh ooh The wild dogs cry out in the night As they grow restless longing for some solitary company I know that I must do what s right As sure as Kilimanjaro rises like Olympus above the Serengeti I seek to cure what s deep inside Frightened of this thing that I ve become It s gon na take a lot to drag me away from you There s nothing that a hundred men or more could ever do I bless the rains down in Africa We re gon na take some time to do the things we never have Ooh ooh Hurry boy she s waiting there for you It s gon na take a lot to drag me away from you There s nothing that a hundred men or more could ever do I bless the rains down in Africa I bless the rains down in Africa I bless the rains I bless the rains down in Africa I bless the rains I bless the rains down in Africa I bless the rains down in Africa I m gon na take some time Gon na take some time to do the things we never have Ooh ooh
Toto,0PFtn5NtBbbUNbU9EAmIWF,Hold the Line,4aVuWgvD0X63hcOCnZtNFA, It s not in the way that you hold me It s not in the way you say you care It s not in the way you ve been treating my friends It s not in the way that you stayed til the end It s not in the way you look or the things that you say that you ll do Hold the line Love is nt always on time whoa whoa whoa Hold the line Love is nt always on time whoa whoa whoa It s not in the words that you told me girl It s not in the way you say you re mine ooh It s not in the way that you came back to me It s not in the way that your love set me free It s not in the way you look or the things that you say that you ll do Hold the line Love is nt always on time whoa whoa whoa Hold the line Love is nt always on time whoa whoa whoa It s not in the words that you told me It s not in the way you say you re mine ooh It s not in the way that you came back to me It s not in the way that your love set me free It s not in the way you look or the things that you say that you ll do Hold the line Love is nt always on time whoa whoa whoa Hold the line Love is nt always on time Love is nt always on time Hold the line Love is nt always on time Love is nt always love is nt always on time Hold the line Love is nt always on time Love is nt always on time Love is nt always on time Love is nt always on time whoa whoa whoa
Toto,0PFtn5NtBbbUNbU9EAmIWF,Rosanna,37BTh5g05cxBIRYMbw8g2T, All I wan na do when I wake up in the morning is see your eyes Rosanna Rosanna Never thought that a girl like you could ever care for me Rosanna All I wan na do in the middle of the evening is hold you tight Rosanna Rosanna I did nt know you were looking for more than I could ever be Not quite a year since she went away Rosanna yeah Now she s gone and I have to say Yeah Meet you all the way Meet you all the way Rosanna yeah Meet you all the way Meet you all the way Rosanna yeah I can see your face still shining through the window on the other side Rosanna Rosanna Ooh I did nt know that a girl like you could make me feel so sad Rosanna ah All I wan na tell you is now you ll never ever have to compromise Rosanna Rosanna I never thought that losing you could ever hurt so bad Not quite a year since she went away Rosanna yeah Now she s gone and I have to say Meet you all the way Meet you all the way Rosanna yeah Meet you all the way Meet you all the way Rosanna yeah Not quite a year since she went away Crazy Rosanna yeah Now she s gone and I have to say Meet you all the way Yeah hey girl Meet you all the way Rosanna yeah Meet you all the way Hoo hoo hoo hoo hoo yeah Meet you all the way Rosanna yeah Meet you all the way Meet you all the way Rosanna yeah Meet you all the way Meet you all the way Rosanna yeah
Toto,0PFtn5NtBbbUNbU9EAmIWF,I'll Be Over You,1WeoeHh0TSzsApyJ6Q8OOK, Some people live their dreams Some people close their eyes Some people s destiny Passes by There are no guarantees There are no alibis That s how our love must be Do nt ask why It takes some time God knows how long I know that I can forget you As soon as my heart stops breakin Anticipating As soon as forever is through I ll be over you Remembering times gone by Promises we once made What are the reasons why Nothing stays the same There were the nights Holding you close Someday I ll try to forget them As soon as my heart stops breakin Anticipating As soon as forever is through I ll be over you Instrumental solo As soon as my heart stops breakin Anticipating Someday I ll be over you As soon as my heart stops breakin Anticipating Someday I ll be over you As soon as my heart As soon as my heart stops breakin Anticipating
Toto,0PFtn5NtBbbUNbU9EAmIWF,Stop Loving You,73bzcsDjx9FqzqKWcPLMiH, Reflections in my mind Thoughts I ca nt define My heart is racing and the night goes on I can almost hear a laugh Coming from your photograph Funny how a look can share a thousand meanings Wellintended lies Contemplating alibis Is it really you or is it me I m blaming A distant memory Flashes over me Even though you re gone I feel you deep inside Dance beneath the light with that look in your eyes I ca nt stop loving you Time passes quickly and chances are few I wo nt stop til I m through loving you girl There s a window in the heart I ve tried to look through from the start You re never really sure what someone else is thinking Someone s broken something new Another altered point of view Just a certain someone s conscience playing I held it in my hand I did not understand What lives inside the wind that cries her name Tried to catch a shooting star What seems so close ca nt be that far I m living in a dream that s never ending Dance beneath the light with that look in your eyes I ca nt stop loving you Time passes quickly and chances are few I wo nt stop til I m through loving you girl Oh dancin with that look that s in your eyes I ca nt stop loving you Time passes quickly and chances are few I wo nt stop til I m through loving you girl I ca nt stop loving you Time passes quickly and chances are few I wo nt stop til I m through loving you Loving you
Toto,0PFtn5NtBbbUNbU9EAmIWF,Georgy Porgy,5jQcJ2st6yHWhUBjoDoZPH, It s not your situation I just need contemplation over you I m not so systematic It s just that I m an addict for your love I m not the only one that holds you I never ever should have told you You re my only girl I m not the only one that holds you I never ever should have told you You re my only world Just think how long I ve known you It s wrong for me to own you lock and key It s really not confusing I m just the young illusion ca nt you see I m not the only one that holds you I never ever should have told you You re my only girl I m not the only one that holds you I never ever should have told you You re my only world Georgy Porgy pudding pie Kissed the girls and made them cry Georgy Porgy pudding pie Kissed the girls and made them cry Georgy Porgy pudding pie Kissed the girls and made them cry Kissed the girls and made them cry Kissed the girls and made them cry It s not your situation I just need contemplation over you I m not so systematic It s just that I m an addict for your love I m not the only one that holds you I never ever should have told you You re my only girl I m not the only one that holds you I never ever should have told you You re my only world Georgy Porgy pudding pie Kissed the girls and made them cry Georgy Porgy pudding pie Kissed the girls and made them cry Georgy Porgy pudding pie Kissed the girls and made them cry Georgy Porgy pudding pie Kissed the girls and made them cry Georgy Porgy pudding pie Kissed the girls and made them cry Kissed the girls and made them cry Kissed the girls and made them cry Georgy Porgy pudding pie Kissed the girls and made them cry Kissed the girls and made them cry Kissed the girls and made them high Georgy yeah Porgy yeah Kissed the girls and made them cry Kissed the girls and made them cry Georgy yeah Porgy Kissed the girls and made them cry Kissed the girls and made them cry
Toto,0PFtn5NtBbbUNbU9EAmIWF,I Won't Hold You Back,7D4EtbE7LfQiH8CWj7fQoz, If I had another chance tonight I d try to tell you that the things we had were right Time ca nt erase the love we shared But it gives me time to realize just how much you cared Now you re gone I m really not the same I guess I have myself to blame Time ca nt erase the things we said But it gives me time to realize that you re the one instead You know I wo nt hold you back now The love we had just ca nt be found You know I ca nt hold you back now Now that I m alone it gives me time To think about the years that you were mine Time ca nt erase the love we shared But it gives me time to realize just how much you cared You know I wo nt hold you back now The love we had just ca nt be found Listen to me baby You know I ca nt hold you back now You know I wo nt hold you back now The love we had just ca nt be found You know I ca nt hold you back now The love we had just ca nt be found
Toto,0PFtn5NtBbbUNbU9EAmIWF,Pamela,3LFdvM7nIV8t02zyhYLvJo, Oh yeah Side by side I ll be yours forever Yes I will Rain or shine Any kind of weather Any kind There is nt anything I would nt do for you Let s take what s getting old And make it new Oh eye to eye It s a blinding confrontation You and I We re a deadly combination So do nt start mixing Truth with jealousy The road we re on is clear As far as I can see Pamela Do nt break this heart of mine Just remember it may not heal this time Pamela There is no second chance For the one who leaves it all behind Yeah yeah I love you little girl Black and white Always go together Day and night You re the precious jewel I treasure Wanting every part of you Is not a crime Could it be that you re the one Who s wrong this time Pamela Do nt break this heart of mine Just remember it may not heal this time Pamela There is no second chance For the one who leaves it all behind Leave all Oh Pamela oh Thousands of miles away But always in my heart Pamela So do nt break this heart of mine Just remember it may not heal this time Pamela There is no second chance For the one who leaves it all behind Pamela Do nt break this heart of mine Just remember it may not heal this time Pamela There is no second chance For the one who leaves it all Leave all behind Leave all behind I still love you little girl I still love you And you know it little Pamela I still love you yes I do And you know it little Pamela Come on Oh little Pamela
