Artist,Artist_id,Song,Song_id,Lyrics
Eartha Kitt,1AwO9pWEBSBoWdEZu28XDC,Santa Baby (with Henri Ren & His Orchestra),1foCxQtxBweJtZmdxhEHVO, Santa baby just slip a sable under the tree For me Been an awful good girl Santa baby so hurry down the chimney tonight Santa baby a 54 convertible too Light blue I ll wait up for you dear Santa baby so hurry down the chimney tonight Think of all the fun I ve missed Think of all the fellas that I have nt kissed Next year I could be just as good If you ll check off my Christmas list Santa baby I want a yacht And really that s not a lot Been an angel all year Santa baby so hurry down the chimney tonight Santa honey one little thing I really need The deed To a platinum mine Santa baby so hurry down the chimney tonight Santa cutie and fill my stocking with a duplex And checks Sign your X on the line Santa cutie and hurry down the chimney tonight Come and trim my Christmas tree With some decorations bought at Tiffany I really do believe in you Let s see if you believe in me Santa baby forgot to mention one little thing A ring I do nt mean on the phone Santa baby so hurry down the chimney tonight Hurry down the chimney tonight Hurry tonight
Eartha Kitt,1AwO9pWEBSBoWdEZu28XDC,C'est Si Bon,3U69pCQwveSOn5bl9VAime, Cest si bon Lovers say that in France When they thrill to romance It means that it s so good Cest si bon So I say to you Like the French people do Because it s oh so good Every word every sigh every kiss dear Leads to only one thought And the thought is this dear Cest si bon Nothing else can replace Just your slyest embrace And if you only would Be my own for the rest of my days I will whisper this phrase My darling my darling Cest si bon
Eartha Kitt,1AwO9pWEBSBoWdEZu28XDC,Je Cherche Un Homme,3dlZQnkxnxZjTV860ixUHx, Je cherche un homme un homme un homme Un Pierre un Paul un Jacques ou Tom Peu mimporte comment il se nomme Sil est un homme un homme un homme Je nexige pas un Apollon Qui sait briller dans les salons Ni un type fort comme un Samson Pourvu que jaie un mate un bon Il na pas besoin dtre un milliardaire Quil soit beau non a mest gal Il na pas besoin dtre une grande lumire Star du cinma ni prince royal Je cherche un homme un homme un homme Quil sappelle Pierre ou Paul ou Tom Pourvu quil donne son maximum Je cherche un homme un homme un homme Does nt have to be prince or movie star A Texas oil man or a french marquis Does nt have to be handsome as a picture An ordinary guy s all right with me Je cherche un homme un homme un homme Quil sappelle Pierre ou Paul ou Tom Pourvu quil donne son maximum Je cherche un homme un homme un homme Je cherche un homme un homme un homme
Eartha Kitt,1AwO9pWEBSBoWdEZu28XDC,I Want to Be Evil,3H8BLMeJCoXQsozaXi2xzy, I ve posed for pictures with Ivry Soap I ve petted stray dogs and shied clear of dope I ve petted stray dogs and I never mope My smile is brilliant my glance is tender But I m noted most for my unspoiled gender I ve been made Miss Reingold though I never touch beer I ve been named Miss Perseverance year after year And I m the person to whom they say You re sweet My Dear The only etchings I ve seen have been behind glass And the closest I ve been to a bar is at ballet class Prim and proper the girl who s never been cased I m tired of being pure and not chased Like something that seeks its level I wan na go to the devil I wan na be evil I wan na spit tacks I wan na be evil and cheat at jacks I wan na be wicked I wan na tell lies I wan na be mean and throw mud pies I want to wake up in the morning With that dark brown taste I want to see some dissipation in my face I wan na be evil I wan na be mad But more that that I wan na be bad I wan na be evil and trump an ace Just to see my partner s face I wan na be nasty I wan na be cruel I wan na be daring I wan na shoot pool And in the theatre I want to change my seat Just so I can step on Everybody s feet I wan na be evil I wan na hurt flies I wan na sing songs like the guy who cries I wan na be horrid I wan na drink booze I want to be horrid I want to make news And whatever I ve got I m eager to lose I wan na be evil little evil me Just as mean and evil as I can be
Eartha Kitt,1AwO9pWEBSBoWdEZu28XDC,The Girl from Ipanema,1aucqAQImjlcxcQajOBUAv, Tall and tan and young and lovely The girl from Ipanema goes walking And when she passes each one she passes goes ah When she walks she s like a samba That swings so cool and sways so gentle That when she passes each one she passes goes ah Ooh But he watch her so sadly How can he tell her he loves her Yes I would give my heart gladly But each day that she walks to the sea She looks straight ahead not at he Tall and tan and young and lovely The girl from Ipanema goes walking And when she passes he smile but she does nt see Does nt see She just does nt see she never sees him
Eartha Kitt,1AwO9pWEBSBoWdEZu28XDC,Let's Do It,1f1ybry2mOfAgP3qBFMiKc, Birds do it bees do it Even educated fleas do it Let s do it let s fall in love In Spain the best upper sets do it Lithuanians and Letts do it Let s do it let s fall in love The Dutch in old Amsterdam do it Not to mention the Fins Folks in Siam do it think of Siamese twins Some Argentines without means do it People say in Boston even beans do it Let s do it let s fall in love Romantic sponges they say do it Oysters down in oyster bay do it Let s do it let s fall in love Cold Cape Cod clams gainst their wish do it Even lazy jellyfish do it Let s do it let s fall in love Electric eels I might add do it Though it shocks em I know Why ask if shad do it Waiter bring me shad roe In shallow shoals English soles do it Goldfish in the privacy of bowls do it Let s do it let s fall in love
Eartha Kitt,1AwO9pWEBSBoWdEZu28XDC,Careless Love,7tJZjbc9ildUrd8KBaR18n, Love oh love oh careless love You ve fly through my head like wine You ve wrecked the life of a many poor girl And you nearly spoiled this life of mine Love oh love oh careless love In your clutches of desire You ve made me break a many true vow Then you set my very soul on fire Love oh love oh careless love All my happiness bereft You ve filled my heart with weary old blues Now I m walkin talkin to myself Love oh love oh careless love Trusted you now it s too late You ve made me throw my old friend down That s why I sing this song of hate Love oh love oh careless love Night and day I weep and moan You brought the wrong man into this life of mine For my sins till judgment I ll atone
