Artist,Artist_id,Song,Song_id,Lyrics
Buffalo Springfield,3eskO5m0H4yiF64vRySBjr,For What It's Worth,1qRA5BS78u3gME0loMl9AA, There s something happening here But what it is ai nt exactly clear There s a man with a gun over there Telling me I got to beware I think it s time we stop children what s that sound Everybody look what s going down There s battle lines being drawn And nobody s right if everybody s wrong Young people speaking their minds Getting so much resistance from behind It s time we stop hey what s that sound Everybody look what s going down What a field day for the heat A thousand people in the street Singing songs and carrying signs Mostly say Hooray for our side It s time we stop hey what s that sound Everybody look what s going down Paranoia strikes deep Into your life it will creep It starts when you re always afraid Step out of line the man come and take you away We better stop hey what s that sound Everybody look what s going down You better stop hey what s that sound Everybody look what s going down You better stop now what s that sound Everybody look what s going down We better stop children what s that sound Everybody look what s going down
Buffalo Springfield,3eskO5m0H4yiF64vRySBjr,Mr. Soul,042v1NacbKJzCyi6nBme7T, Oh hello Mr Soul I dropped by to pick up a reason For the thought that I caught that my head is the event of the season Why in crowds just a trace of my face could seem so pleasin I ll cop out to the change but a stranger is putting the tease on I was down on a frown when the messenger brought me a letter I was raised by the praise of a fan who said I upset her Any girl in the world could have easily known me better She said You re strange but do nt change and I let her In a while will the smile on my face turn to plaster Stick around while the clown who is sick does the trick of disaster For the race of my head and my face is moving much faster Is it strange I should change I do nt know why do nt you ask her Is it strange I should change I do nt know why do nt you ask her Is it strange I should change I do nt know why do nt you ask her Is it strange I should change I do nt know why do nt you ask her Is it strange I should change I do nt know why do nt you ask her
Buffalo Springfield,3eskO5m0H4yiF64vRySBjr,Kind Woman,4o6jfrxQyekM5DpnWYLlMo, Got a good reason for loving you It s an oldfashioned sign I kinda get the feeling like mmm you know when I fell in love the first time Kind woman wo nt you love me tonight The look in your eyes Kind woman do nt leave me lonely tonight Please say it s all right Remember once before you re hearing the old folks say Love s an ageless old rhyme Nowadays you know they re saying Depends so much on The kind of woman that you find Kind woman wo nt you love me tonight The look in your eyes Kind woman do nt leave me lonely tonight Are you saying it s all right Kind woman wo nt you love me tonight The look in your eyes Kind woman do nt leave me lonely tonight Please say it s all right
Buffalo Springfield,3eskO5m0H4yiF64vRySBjr,Pretty Girl Why,7EVWhR9VblkTa5iZDQkacz, Like the ghost of someone dear She comes to haunt me in my sleep Still unable to sincerely Give her heart away for keeps Pretty girl why Pretty girl why not love me Pretty girl why Pretty girl why There she leaves me twice as lonely As I was but yesterday Keeping such a hold upon my thoughts So near yet far away Pretty girl why Pretty girl why not love me Pretty girl why Pretty girl why The minstrel boy has gone to war now Burdened with his father s sword Still she does nt see how she can Give him peace amidst the horror Pretty girl why Pretty girl why not love me Pretty girl why Pretty girl why
Buffalo Springfield,3eskO5m0H4yiF64vRySBjr,Sit Down I Think I Love You,70dh9SQ7pcNLn7QE5dbIiX, Sit down I think I love you Anyway I d like to try I ca nt stop thinking of you If you go I know I ll cry Ca nt you see that I m a desperate man I get high just being around you Ought to know what they say about the bird in the hand And that s why I ai nt leaving without you So if you want someone to love you Pretty baby I m your guy It s not much I m asking of you Just to please give me a try Ca nt you see that I m a desperate man I get high just being around You know what they say about the bird in the hand And that s why I ai nt leaving without you So if you want someone to love you Pretty baby I m your guy It s not much I m asking of you Just to please give me a try Sit down I think I love you Sit down I think I love you Sit down I think I love you Sit down I think I love
Buffalo Springfield,3eskO5m0H4yiF64vRySBjr,Hot Dusty Roads,1wOxTOMMt5N7aw6kBItAW4, I do nt tell no tales about no hot dusty roads I m a city boy and I stay at home I make no excuses I just do nt want to roam And I do nt like being alone I give you loving and a place to take off your shoes It does surprising things for a case of the blues It ai nt no club you do nt have to pay no dues You just love me and I love you And if you take some pride in being alive If you re interested in looking inside of yourself Just drop on by baby ask me why At least you do nt have to be by yourself Just come knock most likely I ll be there Then you look around find a comfortable chair And then you sit and you might think about why he s there I ca nt tell you why only where And if you take some pride in being alive And you re interested in looking inside of yourself Just drop on by baby ask me why At least you do nt have to be by yourself Just come knock most likely I ll be there Then you look around find a comfortable chair And then you sit and you might think about why he s there I ca nt tell you why only where I do nt tell no tales about no hot dusty roads I m a city boy and I stay at home I make no excuses I just do nt want to roam And I do nt like being alone And I do nt like being alone And I do nt like being alone
Buffalo Springfield,3eskO5m0H4yiF64vRySBjr,Bluebird,5RXjEF5tqZFAsiPXZrcpnu, Listen to my bluebird laugh She ca nt tell you why Deep within her heart you see She knows only crying just crying There she sits a lofty perch Strangest color blue Flying is forgotten now Thinks only of you just you Oh yeah So get all those blues Must be a thousand hues And be just differently used You just know You sit there mesmerized By the depth of her eyes That you ca nt categorize She got soul she got soul She got soul she got soul Do you think she loves you Do you think at all Soon she s going to fly away Sadness is her own Give herself a bath of tears And go home and go home
