Artist,Artist_id,Song,Song_id,Lyrics
The White Stripes,4F84IBURUo98rz4r61KF70,Seven Nation Army,7i6r9KotUPQg3ozKKgEPIN, I m gon na fight em off A seven nation army could nt hold me back They re gon na rip it off Taking their time right behind my back And I m talking to myself at night Because I ca nt forget Back and forth through my mind Behind a cigarette And a message coming from my eyes Says leave it alone Do nt want to hear about it Every single one s got a story to tell Everyone knows about it From the Queen of England to the hounds of hell And if I catch it coming back my way I m gon na serve it to you And that ai nt what you want to hear But that s what I ll do And the feeling coming from my bones Says find a home I m going to Wichita Far from this opera forevermore I m gon na work the straw Make the sweat drip out of every pore And I m bleeding and I m bleeding and I m bleeding Right before the lord All the words are gon na bleed from me And I will think no more And the stains coming from my blood Tell me go back home
The White Stripes,4F84IBURUo98rz4r61KF70,Icky Thump,09QZAEmdbq28OaNyqTOEvY, Yaee Icky thump whoda thunk Sitting drunk on a wagon to Mexico Ah well what a chump well my head got a bump When I hit it on the radio Redhead seorita looking dead came and said Need a bed en Espaol I said Gim me a drink of water I m gon na sing around the collar And I do nt need a microphone Icky thump with a lump in my throat grabbed my coat And I was freaking I was ready to go And I swear besides the hair she had one white eye One blank stare looking up lying there On the stand near her hand was a candy cane Black rum sugar cane dry ice something strange La lala la lala la lala la la la la White Americans what Nothing better to do Why do nt you kick yourself out You re an immigrant too Who s using who What should we do Well you ca nt be a pimp and a prostitute too Icky thump handcuffed to a bunk robbed blind Looked around and there was nobody else Left alone I hit myself with a stone Went home and learned how to clean up after myself
The White Stripes,4F84IBURUo98rz4r61KF70,Fell In Love With A Girl,6YK2tAEYnHgYkkC6TSziqM, Fell in love with a girl I fell in love once and almost completely She s in love with the world But sometimes these feelings can be so misleading She turns and says Are you alright I said I must be fine cause my heart s still beating Come and kiss me by the riverside yeah Bobby says he fine he do nt consider it cheating now Red hair with a curl Mellow roll for the flavor and the eyes for peeping Ca nt keep away from the girl These two sides of my brain need to have a meeting Ca nt think of anything to do yeah My left brain knows that all love is fleeting She just looking for something new yeah I said it once before but it bears repeating now Ah ahah ah ah Ah ahah ah ah Ah ahah ah ah Ah ahah ah ah Ca nt think of anything to do yeah My left brain knows that her love is fleeting She just looking for something new Well I said it once before but it bears repeating now Fell in love with a girl I fell in love once and almost completely She s in love with the world But sometimes these feelings can be so misleading She turns and says Are you alright I must be fine cause my heart s still beating Come and kiss me by the riverside yeah Bobby says he fine he do nt consider it cheating now Ah ahah ah ah Ah ahah ah ah Ah ahah ah ah Ah ahah ah ah Ca nt think of anything to do yeah My left brain knows that her love is fleeting She just looking for something new Well I said it once before but it bears repeating now
The White Stripes,4F84IBURUo98rz4r61KF70,The Hardest Button To Button,5vVwPth7ccUHil5wsUG7ky, We started living in an old house My ma gave birth and we were checking it out It was a baby boy so we bought him a toy It was a ray gun and it was 1981 We named him Baby he had a toothache He started crying it sounded like an earthquake It did nt last long because I stopped it I grabbed a rag doll and stuck some little pins in it Now we re a family and we re all right now We got money and a little place to fight now And we do nt know you and we do nt owe you But if you see us around I got something else to show you Now it s easy when you do nt know better You think it s sleazy Then put it in a short letter We keep warm but there s just something wrong when you Just feel like you re the hardest little button to button I had opinions that did nt matter I had a brain that felt like pancake batter I got a backyard with nothing in it Except a stick a dog and a box with something in it The hardest button to button The hardest button to button The hardest button to button The hardest button to button ah oh The hardest button to button The hardest button to button ah oh The hardest button to button The hardest button to button The hardest button to button The hardest button to button The hardest button to button ah oh
The White Stripes,4F84IBURUo98rz4r61KF70,We're Going To Be Friends,1N883b1C3trjGcx2h4E99B, Fall is here hear the yell Back to school ring the bell Brand new shoes walking blues Climb the fence books and pens I can tell that we are gon na be friends I can tell that we are gon na be friends Walk with me Suzy Lee Through the park and by the tree We will rest upon the ground And look at all the bugs we ve found Safely walk to school without a sound Safely walk to school without a sound Here we are no one else We walk to school all by ourselves There s dirt on our uniforms From chasing all the ants and worms We clean up and now it s time to learn We clean up and now it s time to learn Numbers letters learn to spell Nouns and books and show and tell At playtime we will throw the ball Back to class through the hall Teacher marks our height against the wall Teacher marks our height against the wall We do nt notice any time pass We do nt notice anything We sit sidebyside in every class Teacher thinks that I sound funny But she likes the way you sing Tonight I ll dream while I m in bed When silly thoughts go through my head Bout the bugs and alphabet And when I wake tomorrow I ll bet That you and I will walk together again I can tell that we are gon na be friends Yes I can tell that we are gon na be friends
The White Stripes,4F84IBURUo98rz4r61KF70,Blue Orchid,2b0AarwIy6Dr0oJeAhc80s, You got a reaction You got a reaction did nt you You took a white orchid You took a white orchid turned it blue Something better than nothing Something better than nothing and it s giving up We all need to do something Try to keep the truth from showing up How dare you How old are you now anyway How dare you How old are you now anyway How dare you How old are you now anyway You re given a flower But I guess that there s just no pleasing you Your lip tastes sour But you think that it s just me teasing you You got a reaction You got a reaction did nt you You took a white orchid You took a white orchid turned it blue Get behind me Get behind me now anyway Get behind me Get behind me now anyway Get behind me Get behind me now anyway You got a reaction You got a reaction did nt you You took a white orchid You took a white orchid turned it blue
The White Stripes,4F84IBURUo98rz4r61KF70,Ball And Biscuit,7kYSpDviYdP8QKrnWLQYVN, It s quite possible that I m your third man girl But it s a fact that I m the seventh son No doubt about it It s quite possible that I m your third man girl But it s a fact that I m the seventh son And right now you could care less about me But soon enough you will care by the time I m done Let s have a ball and a biscuit sugar And take our sweet little time about it Let s have a ball girl And take our sweet little time about it Tell everybody in the place to just get out We ll get clean together And I ll find me a soapbox where I can shout it Yeah Read it in the newspaper Ask your girlfriends and see if they know Read it in the newspaper Ask your girlfriends and see if they know That my strength is tenfold girl I ll let you see it if you want to before you go Let s have a ball and a biscuit sugar And take our sweet little time about it Let s have a ball And take our sweet little time about it Tell everybody in the place to just get out We ll get clean together And I ll find me a soapbox where I can shout it And I can think of one or two things to say about it Now listen Dyou get the point now It s quite possible that I m your third man But it s a fact that I m the seventh son It was the other two which made me your third But it s my mother who made me the seventh son And right now you could care less about me But soon enough you will care by the time I m done Yeah you just wait You stick around You ll figure it out
The White Stripes,4F84IBURUo98rz4r61KF70,Hotel Yorba,66Xoy2shVLpqTMvcziDCUy, I was watching With one eye on the other side I had fifteen people telling me to move I got moving on my mind I found shelter In some thoughts turning wheels around I said 39 times that I love you To the beauty I had found Well it s 1234 Take the elevator at the Hotel Yorba I ll be glad to see you later All they got inside is vacancy I ve been thinking Of a little place down by the lake They got a dirty old road leading up to the house I wonder how long it will take Till we re alone Sitting on the front porch of that home Stomping our feet on the wooden boards Never got ta worry about locking the door Well it s 1234 Take the elevator at the Hotel Yorba I ll be glad to see you later All they got inside is vacancy It might sound silly For me to think childish thoughts like these But I m so tired of acting tough And I m gon na do what I please Let s get married In a big cathedral by a priest Cause if I m the man that you love the most You could say I do at least Well it s 1234 Take the elevator at the Hotel Yorba I ll be glad to see you later All they got inside is vacancy And it s 4567 grab your umbrella And grab hold of me Cause I m your favorite fella All they got inside is vacancy
The White Stripes,4F84IBURUo98rz4r61KF70,Apple Blossom,2EWMlxsVQdNpgZ3TryxdR9, Hey little apple blossom what seems to be the problem All the ones you tell your troubles to they do nt really care for you Come and tell me what you re thinking cause just when the boat is sinking A little light is blinking and I will come and rescue you Lots of girls walk around in tears but that s not for you You ve been looking all around for years for someone to tell your troubles to Come and sit with me and talk a while let me see your pretty little smile Put your troubles in a little pile and I will sort em out for you Lots of girls walk around in tears but that s not for you You ve been looking all around for years for someone to tell your troubles to Come and sit with me and talk a while let me see your pretty little smile Put your troubles in a little pile and I will sort em out for you I ll fall in love with you I think I ll marry you
The White Stripes,4F84IBURUo98rz4r61KF70,I Just Don't Know What To Do With Myself,3oJRqdtk5Xc6mX5AdfUXgx, I just do nt know what to do with myself I do nt know what to do with myself Planning everything for two Doing everything with you And now that we re through I just do nt know what to do I just do nt know what to do with myself I do nt know what to do with myself Movies only make me sad Parties make me feel as bad Cause I m not with you I just do nt know what to do Like a summer rose Needs the sun and rain I need your sweet love To feel all the way Well I do nt know what to do with myself Just do nt know what to do with myself Planning everything for two Doing everything with you And now that we re through I just do nt know what to do Like a summer rose Needs the sun and rain I need your sweet love To feel all the way I just do nt know what to do with myself Just do nt know what to do with myself Just do nt know what to do with myself I do nt know what to do with myself
