Artist,Artist_id,Song,Song_id,Lyrics
ZZ Top,2AM4ilv6UzW0uMRuqKtDgN,Gimme All Your Lovin',0OBwxFLu6Yj61s2OagYbgY, I got to have a shot Cause what you got is oh so sweet You got to make it hot Like a boomerang I need a repeat Gim me all your lovin All your hugs and kisses too Gim me all your lovin Do nt let up until we re through You got to whip it up And hit me like a ton of lead If I blow my top Will you let it go to your head Gim me all your lovin All your hugs and kisses too Gim me all your lovin Do nt let up until we re through You got to move it up And use it like a schoolboy would You got to pack it up Work it like a new boy should Gim me all your lovin All your hugs and kisses too Gim me all your lovin Do nt let up until we re through
ZZ Top,2AM4ilv6UzW0uMRuqKtDgN,Cheap Sunglasses,30jsPpxLvSCYTTTtdjRzBp, When you wake up in the morning and the light is hurt your head The first thing you do when you get up out of bed Is hit the streets arunnin and try to beat the masses And go get yourself some cheap sunglasses Oh yeah oh yeah oh yeah Spied a little thing and I followed her all night In her funky fine Levi s and her sweater s kind of tight She had a west coast strut that was as sweet as molasses But what really knocked me out was her cheap sunglasses Oh yeah oh yeah oh yeah Now go out and get yourself some thick black frames With the glass so dark they wo nt even know your name And the choice is up to you cause they come in two classes Rhinestone shades or cheap sunglasses Oh yeah oh yeah oh yeah
ZZ Top,2AM4ilv6UzW0uMRuqKtDgN,Rough Boy,09C7ULYG1WhWgngwkkvVxN, What in the world s come all over me I ai nt got a chance of one in three Ai nt got no rap ai nt got no line But if you ll give me just a minute I ll be feelin fine I am the one who can fade the heat The one they all say just ca nt be beat I ll shoot it to you straight and look you in the eye So gim me just a minute and I ll tell you why I m a rough boy I m a rough boy I do nt care how you look at me Because I m the one and you will see We can make it work we can make it by So give me one more minute and I ll tell you why I m a rough boy I m a rough boy
ZZ Top,2AM4ilv6UzW0uMRuqKtDgN,"I'm Bad, I'm Nationwide",39upzShiWUjweO2v6Ewfjw, Well I was rollin down the road in some cold blue steel I had a blues man on back and a beautician at the wheel We going downtown in the middle of the night We laughing and I m jokin and we feelin alright Oh I m bad I m nationwide Yes I m bad I m nationwide Easin down the highway in a new Cadillac I had a fine fox in front I had three more in the back They sportin short dresses wearin spikeheel shoes They smokin Lucky Strikes and wearing nylons too Cause we bad we nationwide Yeah we bad we nationwide Well I was movin down the road in my V8 Ford I had a shine on my boots I had my sideburns lowered With my New York brim and my gold tooth displayed Nobody give me trouble cause they know I got it made I m bad I m nationwide Well I m bad bad bad bad bad I m nationwide
ZZ Top,2AM4ilv6UzW0uMRuqKtDgN,Sleeping Bag,1ESuT2y9AKu1zMdxq47qW5, When it s cold outside and you want to sleep in Go for a pallet that s so nice and thin Zip it on around while it s on the ground Spread it out lay it on down Slip inside my sleeping bag Slip inside my sleeping bag You re afraid of the dark baby do nt be shy We ll talk about some lovin while we look at the sky Do nt be hesitating it ll be alright We ll tuck it in till it s clean out of sight Slip inside my sleeping bag Slip inside my sleeping bag Let s go out to Egypt cause it s in the plan Sleep beside the pharaohs in the shifting sand We ll look at some pyramids and check out some heads Oh we ll whip out our mattress cause there ai nt no beds Slip inside my sleeping bag Slip inside my sleeping bag
