Artist,Artist_id,Song,Song_id,Lyrics
ayokay,4BzCdhJTyTS3gumq9xmymb,Stay With Me,65Bynqyt59f3fojjs1Uo41, Slowly it s showing My heart is overflowing You never left this town But I could barely breathe I feel like it was yesterday When you told me not to leave And though it s been a while I still feel alone I m coming back next Saturday I wonder if you re home So stay with me stay with me Why do nt just vacay with me Run away for the day with me Honest that s okay with me Just stay with me stay with me We ai nt got no place to be Hotel rooms and memories Honest you should stay Wandering with you by my side Stay stay with me stay with me Just stay wondering what we left behind Stay stay with me stay with me yeah Stay just stay Stay with me stay with me yeah Lately it s fading There s no way we ll make it Did we make it seem More than what it was You said you wan na leave this town But no one ever does The summer s turning cold We bent until we broke You re sick of writing letters So you started letting go So stay with me stay with me Why do nt just vacay with me Run away for the day with me Honest that s okay with me Just stay with me stay with me We ai nt got no place to be Hotel rooms and memories Honest you should stay Wandering with you by my side Stay stay with me stay with me Just stay wondering what we left behind Stay stay with me stay with me yeah Stay So stay with me stay with me Why do nt just vacay with me Stay Run away for the day with me Honest that s okay with me Stay Just stay with me stay with me We ai nt got no place to be Stay Hotel rooms and memories Honest you should stay with me yeah
ayokay,4BzCdhJTyTS3gumq9xmymb,Sleepless Nights,4PUWpNtDejQwwa80LjvxXl, Midnight Driving till my eyes give up Headlights To your apartment This ride I done it bout a thousand times But it does nt feel right Here without you It takes me back to windows down in ocean air Sunset eyes through messy hair I miss chasing down the morning light And all those sleepless nights I know that it s over But it s haunting me Like a ghost of the summer I still see Midnight drives and summer skin The taste of liquor on your lips I miss chasing down the morning light And all those sleepless nights Face up Watching all the streetlights turn To shadows In my apartment Ten months I swear I should be fine by now But it still gives me a head rush When I hear your name It takes me back to Rooftop moonlight silhouettes Purple skies and cigarettes I miss chasing down the morning light And all those sleepless nights I know that it s over But it s haunting me Like a ghost of the summer I still see Midnight trudging summer skin The taste of liquor on your lips I miss chasing down the morning light And all those sleepless nights All those sleepless nights I know that it s over Like a ghost of the summer
ayokay,4BzCdhJTyTS3gumq9xmymb,Swing Swing,1wRSOWVqpLIrMCo4vevEef, Swing swing when you re hurting Swing swing at me Swing swing till you re certain That you re in the right company Say what you want to for once Say what you mean Cause you re trying to be perfect But now it s time to be free So baby do like you do Like you re running for the truth Cause they take too much If you feel how you feel Like there s no way left to heal Then I ll take your punch Swing swing when you re hurting Swing swing at me Swing swing till you re certain That you re in the right company Oh how fast they leave When you mention your disease I ca nt stand how they look at you Oh when all them go I wo nt leave you here alone Maybe that s when you ll start seeing me So baby do like you do Like you re running for the truth Cause they take too much If you feel how you feel Like there s no way left to heal Then I ll take your punch Swing swing when you re hurting Swing swing at me Swing swing till you re certain That you re in the right company Swing swing when you re hurting Swing swing at me Swing swing till you re certain That you re in the right company
ayokay,4BzCdhJTyTS3gumq9xmymb,The Shine,5p6eKTYwFYitUS617IMtyd, I tripped and fell into A rhythm with you I jumped off the deep end But still played it cool Tried to pretend we re not different And I hate that I have to admit it But I m done with wishing I know it s only a matter of time till the shine wears off Cause I m all out of words feel alone every time we touch The more that I hold you the more I do nt know your touch I know it s only a matter of time till the shine wears off I know that we re living inside of a dream Cause we re trying too hard to make this a thing Why does it feel like we re working You act like a whole different person I m tired of searching I know it s only a matter of time till the shine wears off Cause I m all out of words feel alone every time we touch The more that I hold you the more I do nt know your touch I know it s only a matter of time till the shine wears off I ll be fine knowing it s over Clearer eyes come with getting older We fantasize but we had our day Now your diguise is fading Your disguise is fading away I know it s only a matter of time till the shine wears off Cause I m all out of words feel alone every time we touch The more that I hold you the more I do nt know your touch I know it s only a matter of time till the shine wears off Feel alone every time we touch The more that I hold you the more I do nt know your touch I know it s only a matter of time till the shine wears off
ayokay,4BzCdhJTyTS3gumq9xmymb,Too Young,2SBFbElrbcLtfOBcQ2pYdy, You take two trains all this way When you know I ca nt stay out for too long You put too much weight that I ca nt take I m gon na break it s getting hard to hold I m afraid one day You wo nt be okay out on your own But I got ta let you know Truth is you hold me back Maybe I love you I m too young for that And I know your expectations got me feeling trapped Maybe I love you I m too young for that And I know we re too we re too young for that We re too we re too young for that We re too we re too young You complain when I m away I m telling you that this is just the start I need a chance to find some space To fall safe in someone else s arms hey Honestly I do nt want to hurt you But I got ta break your heart This is getting hard Truth is you hold me back Maybe I love you I m too young for that And I know your expectations got me feeling trapped Maybe I love you I m too young for that And I know we re too we re too young for that We re too we re too young for that We re too we re too young for that We re too we re too young Why are we holding on There could be so much more Why are we holding on We re too young Why are we holding on Are we afraid to fall Why are we holding on We re too young Truth is you hold me back Maybe I love you I m too young for that And I know your expectations got me feeling trapped Maybe I love you I m too young for that And I know we re too we re too young for that We re too we re too young for that We re too we re too young for that We re too we re too young for that We re too we re too young
ayokay,4BzCdhJTyTS3gumq9xmymb,Cassette,3GweDldi2HrraUKLexWUeb, Float around you like a satellite This big divide but you always got a pull on me Sink or swim yeah you re my ocean tide The more I fight it the more you ve got a hold on me Out with other guys While I m stuck here chasing lonely nights Every now and then I give you up And that s when you act so into us Call it what it is Pretend it s the apocalypse If I was the last man here on Earth Then do you think we could make it work Treat me like I m your cassette Wind me up after you re done with it If I was the last man here on Earth What s it gon na take to make this work Drove to LA tryin to find myself Be someone else said I would nt so I called your bluff Now I m living back in NYC and now I can see All the years that got away from us Out with other guys While I m stuck here chasing lonely nights Every now and then I give you up And that s when you act so into us Call it what it is Pretend it s the apocalypse If I was the last man here on Earth Then do you think we could make it work Treat me like I m your cassette Wind me up after you re done with it If I was the last man here on Earth What s it gon na take to make this work Do nt think I do nt think about you Every night I drink without you Oh yeah oh yeah Do nt think I do nt think about you Every night I drink without you Oh yeah oh yeah Call it what it is Pretend it s the apocalypse If I was the last man here on Earth Then do you think we could make it work Treat me like I m your cassette Wind me up after you re done with it If I was the last man here on Earth What s it gon na take to make this work Call it what it is call it what it is Pretend it s the apocalypse the apocalypse If I was the last man here on Earth Then do you think we could make it work Treat me like I m your cassette like I m your cassette Wind me up after you re done with it done with it If I was the last man here on Earth What s it gon na take to make this work
ayokay,4BzCdhJTyTS3gumq9xmymb,Kings of Summer,5Ev3sAE6AN0baPJKe3vcy1, Oh yes Oh yes yeah Oh yes yeah Yeah Like mom s not home Summer nights Love em how they take so long One two three Jumpin off the porch like mom s not home not home Tell me why the best things feel so wrong so wrong Summer nights Love em how they take so long so long Run with the feeling Of being alive while we re still young Jumpin off the porch like mom s not home not home Just a couple kids livin on our own on our own Summer nights Love em how they take so long so long Run with the feeling Of being alive while we re still young Jumpin off the porch like mom s not home not home Tell me why the best things feel so wrong so wrong Summer nights Love em how they take so long so long Run with the feeling Of being alive while we re still young Jumpin off the porch like mom s not home not home Just a couple kids living on our own on our own Summer nights Love em how they take so long so long Run with the feeling Of being alive while we re still young still young still young still young still young
ayokay,4BzCdhJTyTS3gumq9xmymb,Half Past You (feat. Future Jr.),0ztHfh4CYFT1UmzTeHHIWL, Every day is the same We end up where we started Two AM here again With these thoughts I ve exhausted And I do nt how much more that I can take Cause even when we re fighting I do nt feel the pain Anymore anymore and you re not even gone yet What do you do when Love wo nt last forever You ve only got less to lose I just say it s all for the better But every second passes I m already half past you I m already half past you It s getting late you can stay I m not making it easy I m afraid that I m half way away from the feeling And I I do nt how much longer I can stay Cause even when we fight it s hard to walk away When the truth is I m scared after you there ll be nothing What do you do when Love wo nt last forever You ve only got less to lose I just say it s all for the better But every second passes I m already half past you I m already half past you I do nt wan na let go I do nt wan na stay Even if we held on would it be the same I do nt wan na let go I do nt wan na stay Even if we held on where do we go now Love wo nt last forever You ve only got less to lose I just say it s all for the better But every second passes I m already half past you I m already half past you What do you do when Love wo nt last forever You ve only got less to lose I just say it s all for the better But every second passes I m already half past you I m already half past you
